"HBO: Home to Groundbreaking Series, Movies, Comedies & Documentaries",https://www.hbo.com/
HBO Original Series: View All | HBO Official Site,https://www.hbo.com/series
HBO Original Movies & Films: Watch Online | HBO Official Site,https://www.hbo.com/movies
What’s New (and What’s Leaving) HBO,https://www.hbo.com/whats-new-whats-leaving
HBO TV Schedule | HBO,https://www.hbo.com/schedule
Stream Free Episodes of HBO Series Online | HBO.com,https://www.hbo.com/watch-free-episodes
"HBO: Home to Groundbreaking Series, Movies, Comedies & Documentaries",https://www.hbo.com/#
HBO Original Documentaries: View All | HBO Official Site,https://www.hbo.com/documentaries
"HBO: Home to Groundbreaking Series, Movies, Comedies & Documentaries",https://www.hbo.com/
HBO Original Series: View All | HBO Official Site,https://www.hbo.com/series
HBO Original Movies & Films: Watch Online | HBO Official Site,https://www.hbo.com/movies
What’s New (and What’s Leaving) HBO,https://www.hbo.com/whats-new-whats-leaving
HBO TV Schedule | HBO,https://www.hbo.com/schedule
"HBO: Home to Groundbreaking Series, Movies, Comedies & Documentaries",https://www.hbo.com/
"HBO: Home to Groundbreaking Series, Movies, Comedies & Documentaries",https://www.hbo.com/
"HBO: Home to Groundbreaking Series, Movies, Comedies & Documentaries",https://www.hbo.com/
HBO Original Series: View All | HBO Official Site,https://www.hbo.com/series
HBO Original Movies & Films: Watch Online | HBO Official Site,https://www.hbo.com/movies
What’s New (and What’s Leaving) HBO,https://www.hbo.com/whats-new-whats-leaving
HBO TV Schedule | HBO,https://www.hbo.com/schedule
Stream Free Episodes of HBO Series Online | HBO.com,https://www.hbo.com/watch-free-episodes
"HBO: Home to Groundbreaking Series, Movies, Comedies & Documentaries",https://www.hbo.com/#
HBO Original Documentaries: View All | HBO Official Site,https://www.hbo.com/documentaries
"HBO Specials: Comedy Shows, Concerts & Music Events",https://www.hbo.com/specials
HBO Sports Series: View All | HBO.com,https://www.hbo.com/sports
HBO Podcasts,https://www.hbo.com/podcasts
What Is Max? | Max Is Replacing HBO Max | HBO Official Site,https://www.hbo.com/hbo-and-max
Sign In • Max,https://auth.max.com/login?flow=login
Choose Your Plan • Max,https://auth.max.com/product?flow=purchase
"HBO: Home to Groundbreaking Series, Movies, Comedies & Documentaries",https://www.hbo.com/
HBO Original Series: View All | HBO Official Site,https://www.hbo.com/series
HBO Original Movies & Films: Watch Online | HBO Official Site,https://www.hbo.com/movies
What’s New (and What’s Leaving) HBO,https://www.hbo.com/whats-new-whats-leaving
HBO TV Schedule | HBO,https://www.hbo.com/schedule
Stream Free Episodes of HBO Series Online | HBO.com,https://www.hbo.com/watch-free-episodes
"HBO: Home to Groundbreaking Series, Movies, Comedies & Documentaries",https://www.hbo.com/#
HBO Original Documentaries: View All | HBO Official Site,https://www.hbo.com/documentaries
"HBO Specials: Comedy Shows, Concerts & Music Events",https://www.hbo.com/specials
HBO Sports Series: View All | HBO.com,https://www.hbo.com/sports
HBO Podcasts,https://www.hbo.com/podcasts
What Is Max? | Max Is Replacing HBO Max | HBO Official Site,https://www.hbo.com/hbo-and-max
Sign In • Max,https://auth.max.com/login?flow=login
Choose Your Plan • Max,https://auth.max.com/product?flow=purchase
The Gilded Age | Official Website for the HBO Series | HBO.com,https://www.hbo.com/the-gilded-age
The Gilded Age | Official Website for the HBO Series | HBO.com,https://www.hbo.com/the-gilded-age
"HBO: Home to Groundbreaking Series, Movies, Comedies & Documentaries",https://www.hbo.com/#
The Gilded Age | Official Website for the HBO Series | HBO.com,https://www.hbo.com/the-gilded-age
The Gilded Age | Official Website for the HBO Series | HBO.com,https://www.hbo.com/the-gilded-age
"Murder in Boston: Roots, Rampage & Reckoning | Official Website for the HBO Original | HBO.com",https://www.hbo.com/murder-in-boston-roots-rampage-and-reckoning
"Murder in Boston: Roots, Rampage & Reckoning | Official Website for the HBO Original | HBO.com",https://www.hbo.com/murder-in-boston-roots-rampage-and-reckoning
30 Coins (30 Monedas) | Official Website for the HBO Series | HBO.com,https://www.hbo.com/30-coins-30-monedas
30 Coins (30 Monedas) | Official Website for the HBO Series | HBO.com,https://www.hbo.com/30-coins-30-monedas
Hard Knocks: In Season With the Miami Dolphins | Official Website for the HBO Original | HBO.com,https://www.hbo.com/hard-knocks-in-season-with-the-miami-dolphins
Hard Knocks: In Season With the Miami Dolphins | Official Website for the HBO Original | HBO.com,https://www.hbo.com/hard-knocks-in-season-with-the-miami-dolphins
"Great Photo, Lovely Life: Facing a Family’s Secrets | Official Website for the HBO Original | HBO.com",https://www.hbo.com/movies/great-photo-lovely-life-facing-a-familys-secrets
"Great Photo, Lovely Life: Facing a Family’s Secrets | Official Website for the HBO Original | HBO.com",https://www.hbo.com/movies/great-photo-lovely-life-facing-a-familys-secrets
HBO TV Schedule | HBO,https://www.hbo.com/schedule
HBO TV Schedule | HBO,https://www.hbo.com/schedule?showId=urn:hbo-west:824709:6325668
HBO TV Schedule | HBO,https://www.hbo.com/schedule?showId=urn:hbo-west:824709:6325698
HBO TV Schedule | HBO,https://www.hbo.com/schedule?showId=urn:hbo-west:824400:6325680
House of the Dragon | Official Website for the HBO Series | HBO.com,https://www.hbo.com/house-of-the-dragon
Trees and Other Entanglements | Official Website for the HBO Original | HBO.com,https://www.hbo.com/movies/trees-and-other-entanglements
Trees and Other Entanglements | Official Website for the HBO Original | HBO.com,https://www.hbo.com/movies/trees-and-other-entanglements
Leo Reich: Literally Who Cares?! | Official Website for the HBO Original | HBO.com,https://www.hbo.com/movies/leo-reich-literally-who-cares
Leo Reich: Literally Who Cares?! | Official Website for the HBO Original | HBO.com,https://www.hbo.com/movies/leo-reich-literally-who-cares
Going to Mars: The Nikki Giovanni Project | Official Website for the HBO Original | HBO.com,https://www.hbo.com/movies/going-to-mars-the-nikki-giovanni-project
Going to Mars: The Nikki Giovanni Project | Official Website for the HBO Original | HBO.com,https://www.hbo.com/movies/going-to-mars-the-nikki-giovanni-project
Choose Your Plan • Max,https://auth.max.com/product
True Detective | Official Website for the HBO Series | HBO.com,https://www.hbo.com/true-detective
True Detective | Official Website for the HBO Series | HBO.com,https://www.hbo.com/true-detective
The Sympathizer | Official Website for the HBO Original | HBO.com,https://www.hbo.com/the-sympathizer
The Sympathizer | Official Website for the HBO Original | HBO.com,https://www.hbo.com/the-sympathizer
The Regime | Official Website for the HBO Original Series | HBO.com,https://www.hbo.com/the-regime
The Regime | Official Website for the HBO Original Series | HBO.com,https://www.hbo.com/the-regime
A Knight of the Seven Kingdoms: The Hedge Knight | Official Website for the HBO Original Series | HBO.com,https://www.hbo.com/a-knight-of-the-seven-kingdoms-the-hedge-knight
A Knight of the Seven Kingdoms: The Hedge Knight | Official Website for the HBO Original Series | HBO.com,https://www.hbo.com/a-knight-of-the-seven-kingdoms-the-hedge-knight
Watch The Nun II (HBO) | Max,https://www.max.com/movies/nun-ii/8940b40c-9e62-45e1-af18-efcf774e1a21
Watch Meg 2: The Trench (HBO) | Max,https://www.max.com/movies/meg-2-the-trench/ecbe2f81-8f8a-4239-8247-77ec703bb8e1
The Flash | Watch the Movie on HBO | HBO.com,https://www.hbo.com/movies/the-flash
Evil Dead Rise | Watch the Movie on HBO | HBO.com,https://www.hbo.com/movies/evil-dead-rise
Avatar: The Way of Water | Watch the Movie on HBO | HBO.com,https://www.hbo.com/movies/avatar-the-way-of-water
Magic Mike's Last Dance | Watch the Movie on HBO | HBO.com,https://www.hbo.com/movies/magic-mikes-last-dance
Reality | Official Website for the HBO Original | HBO.com,https://www.hbo.com/movies/reality
Shazam! Fury of the Gods | Watch the Movie on HBO | HBO.com,https://www.hbo.com/movies/shazam-fury-of-the-gods
House Party | Watch the Movie on HBO | HBO.com,https://www.hbo.com/movies/house-party
Empire of Light | Watch the Movie on HBO | HBO.com,https://www.hbo.com/movies/empire-of-light
The Menu | Watch the Movie on HBO | HBO.com,https://www.hbo.com/movies/the-menu
Black Adam | Watch the Movie on HBO | HBO.com,https://www.hbo.com/movies/black-adam
Watch Don't Worry Darling (HBO) | Max,https://www.max.com/movies/dont-worry-darling/c273c49d-85f6-4f00-ac49-6be233deb5b5
Barbarian | Watch the Movie on HBO | HBO.com,https://www.hbo.com/movies/barbarian
DC League of Super-Pets | Watch the Movie on HBO | HBO.com,https://www.hbo.com/movies/dc-league-of-super-pets
Elvis | Watch the Movie on HBO | HBO.com,https://www.hbo.com/movies/elvis
What’s New (and What’s Leaving) HBO,https://www.hbo.com/whats-new-whats-leaving
HBO.com: Corporate Information: Terms of Use,https://www.hbo.com/terms-of-use
Choose Your Plan • Max,https://auth.max.com/product
About HBO | HBO Official Site,https://www.hbo.com/about
How Do I Get Max as an HBO Subscriber? | HBO Max Is Becoming Max | HBO Official Site,https://www.hbo.com/hbo-and-max/how-to-get
HBO FAQs | HBO Official Site,https://www.hbo.com/about/faqs
HBO Shop,https://shop.hbo.com/
Careers at Warner Bros. Discovery,https://careers.wbd.com/global/en
HBO Inspires,https://www.hbo.com/about/hbo-inspires
What Is Max? | Max Is Replacing HBO Max | HBO Official Site,https://www.hbo.com/hbo-and-max
WME | WarnerMedia Privacy Center,https://www.warnermediaprivacy.com/policycenter/b2c/wme/
HBO.com: Corporate Information: Terms of Use,https://www.hbo.com/terms-of-use
WarnerMedia Group Regional Selection Page,https://www.warnermediaprivacy.com/policycenter/b2c/wm/
"HBO: Home to Groundbreaking Series, Movies, Comedies & Documentaries",https://www.hbo.com/#compliance-link
"Breaking News, Latest News and Videos | CNN",https://www.cnn.com/
US | CNN,https://www.cnn.com/us
"World news - breaking news, video, headlines and opinion | CNN",https://www.cnn.com/world
Politics | CNN Politics,https://www.cnn.com/politics
Business News - Latest Headlines on CNN Business | CNN Business,https://www.cnn.com/business
Opinions | CNN,https://www.cnn.com/opinions
Health | CNN,https://www.cnn.com/health
Entertainment | CNN,https://www.cnn.com/entertainment
"CNN Style - Fashion, beauty, design, art, architecture and luxury | CNN",https://www.cnn.com/style
"CNN Travel | Global Destinations, Tips & Video | CNN",https://www.cnn.com/travel
"Latest sports news, videos, interviews and comment | CNN",https://www.cnn.com/sport
Video News - CNN,https://www.cnn.com/videos
US | CNN,https://www.cnn.com/us
"World news - breaking news, video, headlines and opinion | CNN",https://www.cnn.com/world
Politics | CNN Politics,https://www.cnn.com/politics
Business News - Latest Headlines on CNN Business | CNN Business,https://www.cnn.com/business
Opinions | CNN,https://www.cnn.com/opinions
Health | CNN,https://www.cnn.com/health
Entertainment | CNN,https://www.cnn.com/entertainment
"CNN Style - Fashion, beauty, design, art, architecture and luxury | CNN",https://www.cnn.com/style
"CNN Travel | Global Destinations, Tips & Video | CNN",https://www.cnn.com/travel
"Latest sports news, videos, interviews and comment | CNN",https://www.cnn.com/sport
Video News - CNN,https://www.cnn.com/videos
